{
  "tag": "seq_8",
  "config": {
    "seq_len": 8,
    "d_model": 64,
    "num_heads": 4,
    "num_layers": 2,
    "ff_dim": 128,
    "dropout": 0.1,
    "batch_size": 16,
    "epochs": 35,
    "lr": 0.001
  },
  "final_loss": 0.04417955502867699,
  "min_train_loss": 0.07099485248327256,
  "max_train_loss": 4.261498641967774,
  "loss_curve": [
    4.261498641967774,
    3.8216716766357424,
    3.4658080101013184,
    3.095241928100586,
    2.7415127754211426,
    2.39211163520813,
    2.0773347139358522,
    1.7797312259674072,
    1.511740255355835,
    1.2956945419311523,
    1.0868623495101928,
    0.9087635636329651,
    0.774519395828247,
    0.6559898257255554,
    0.5543537974357605,
    0.4762770175933838,
    0.4081472158432007,
    0.3475580453872681,
    0.30514875054359436,
    0.2710135579109192,
    0.23634461164474488,
    0.21843355000019074,
    0.1900052934885025,
    0.17266953587532044,
    0.15513521134853364,
    0.1434255987405777,
    0.130326709151268,
    0.11944869756698609,
    0.11416358202695846,
    0.10396523177623748,
    0.09649948477745056,
    0.08874949812889099,
    0.08589812815189361,
    0.07919376194477082,
    0.07099485248327256
  ],
  "grad_norm_curve": [
    1.1698164225267855,
    1.1683203396339452,
    1.1103573584484834,
    1.0973354986508288,
    1.094627462999316,
    1.0852345882313035,
    1.074322927705033,
    1.0478467072227058,
    0.9585169942744864,
    0.8934837479589373,
    0.8359016765442497,
    0.7413064053549966,
    0.6804434612776447,
    0.6538691582572885,
    0.5647577244045331,
    0.5222977993627966,
    0.4783235563943345,
    0.42566520007280506,
    0.38039595737993065,
    0.36506986279600273,
    0.33321878316296827,
    0.31562667101315756,
    0.2806404949931027,
    0.25219403226927717,
    0.2550651344570571,
    0.23601210215531165,
    0.2056002736371579,
    0.1933841291748944,
    0.2030937186964866,
    0.18432097576556494,
    0.1787105848826967,
    0.1460019670995551,
    0.16355104178256183,
    0.14011239351608057,
    0.11700963234761955
  ],
  "n_train_failures": 0,
  "n_probe_failures": 4,
  "n_failures_captured": 4,
  "failure_examples_train": [],
  "failure_examples_probe": [
    {
      "probe_sentence": "attention in extremely noisy data can become unreliable .",
      "input": [
        "attention",
        "in",
        "<unk>",
        "<unk>",
        "<unk>",
        "can",
        "<unk>",
        "<unk>"
      ],
      "position": 0,
      "true": "in",
      "pred": "and",
      "confidence": 0.48986414074897766
    },
    {
      "probe_sentence": "models sometimes predict wrong words when context shifts suddenly .",
      "input": [
        "models",
        "<unk>",
        "<unk>",
        "<unk>",
        "words",
        "when",
        "context",
        "<unk>"
      ],
      "position": 0,
      "true": "<unk>",
      "pred": "can",
      "confidence": 0.9316124320030212
    },
    {
      "probe_sentence": "models sometimes predict wrong words when context shifts suddenly .",
      "input": [
        "<unk>",
        "<unk>",
        "<unk>",
        "words",
        "when",
        "context",
        "<unk>",
        "<unk>"
      ],
      "position": 0,
      "true": "<unk>",
      "pred": "sequence",
      "confidence": 0.12358497828245163
    },
    {
      "probe_sentence": "this sentence contains novel tokens quantum zebra matrix .",
      "input": [
        "<unk>",
        "<unk>",
        "<unk>",
        "<unk>",
        "tokens",
        "<unk>",
        "<unk>",
        "<unk>"
      ],
      "position": 0,
      "true": "<unk>",
      "pred": "sequence",
      "confidence": 0.1271647959947586
    }
  ],
  "artifacts": {
    "loss_grad_plot": "outputs\\seq_8_loss_grad.png",
    "attention_plot": "outputs\\seq_8_attention_heatmap.png"
  }
}